diff,lwr,upr,p adj
298.570328249692,264.287068526638,332.853587972745,0
