diff,lwr,upr,p adj
-23.3148568471555,-57.4547974918267,10.8250837975157,0.180594240996484
