diff,lwr,upr,p adj
292.463071961542,253.862887346227,331.063256576858,0
