diff,lwr,upr,p adj
-26.6487976770381,-65.0010575397762,11.7034621856999,0.173106382975305
